<?xml version="1.0" encoding="UTF-8" ?>
<beans xmlns="http://www.springframework.org/schema/beans"
    xmlns:xsi="http://www.w3.org/2001/XMLSchema-instance" xmlns:context="http://www.springframework.org/schema/context"
    xmlns:p="http://www.springframework.org/schema/p" xmlns:aop="http://www.springframework.org/schema/aop"
    xmlns:tx="http://www.springframework.org/schema/tx"
    xmlns:mvc="http://www.springframework.org/schema/mvc"
    xsi:schemaLocation="http://www.springframework.org/schema/beans http://www.springframework.org/schema/beans/spring-beans-3.1.xsd
    http://www.springframework.org/schema/context http://www.springframework.org/schema/context/spring-context-3.1.xsd 
    http://www.springframework.org/schema/aop http://www.springframework.org/schema/aop/spring-aop-3.1.xsd 
     http://www.springframework.org/schema/mvc http://www.springframework.org/schema/mvc/spring-mvc-3.1.xsd
    http://www.springframework.org/schema/tx http://www.springframework.org/schema/tx/spring-tx-3.1.xsd">

    <!-- bean definitions here -->
    <!--扫描包  -->
    <context:component-scan base-package="com.roiland.cms" />
    <!--可以使用@Autowired @Resource  @Required 
     该配置项其实也包含了自动注入上述processor的功能，
     因此当使用 <context:component-scan/> 后，
     就可以将 <context:annotation-config/> 移除了  
    -->
    <!-- <context:annotation-config/>  隐式地向 Spring容器注册这4个BeanPostProcessor -->
    
	<mvc:annotation-driven/>
    
  <!-- 1.配置jdbc文件 -->
       <bean id="propertyConfigurer" class="org.springframework.beans.factory.config.PropertyPlaceholderConfigurer">
            <property name="locations" value="WEB-INF/config/jdbc.properties"/>
    </bean> 
     
       <import resource="spring-mybatis.xml" /> 
     
     	<!-- 配置视图解析器 -->
	 <bean class="org.springframework.web.servlet.view.InternalResourceViewResolver">
		<!-- 配置视图解析器的前缀和后缀 -->
		<property name="prefix" value="/WEB-INF/view/"></property>
		<property name="suffix" value=".html"></property>
	</bean>
     
</beans>