<?xml version="1.0" encoding="UTF-8"?>
<beans xmlns="http://www.springframework.org/schema/beans"
    xmlns:xsi="http://www.w3.org/2001/XMLSchema-instance" 
    xmlns:aop="http://www.springframework.org/schema/aop"
    xmlns:tx="http://www.springframework.org/schema/tx" 
    xmlns:context="http://www.springframework.org/schema/context"
    xsi:schemaLocation="http://www.springframework.org/schema/beans http://www.springframework.org/schema/beans/spring-beans-3.2.xsd
   http://www.springframework.org/schema/aop http://www.springframework.org/schema/aop/spring-aop-3.2.xsd
   http://www.springframework.org/schema/tx http://www.springframework.org/schema/tx/spring-tx-3.2.xsd
   http://www.springframework.org/schema/context http://www.springframework.org/schema/context/spring-context-3.2.xsd">

<!-- 3.配置数据源 -->
    <bean id="dataSource" class="com.mchange.v2.c3p0.ComboPooledDataSource">
		<property name="driverClass" value="${jdbc.driverClassName}" />
		<property name="jdbcUrl" value="${jdbc.url}" />
		<property name="user" value="${jdbc.username}" />
		<property name="password" value="${jdbc.password}" />
		<property name="autoCommitOnClose" value="true" />
	</bean> 

    <!-- spring和MyBatis完美整合，不需要mybatis的配置映射文件 -->  
    <bean id="sqlSessionFactory" class="org.mybatis.spring.SqlSessionFactoryBean">  
        <property name="dataSource" ref="dataSource" />  
        <!-- 自动扫描mapping.xml文件 -->  
        <property name="mapperLocations" value="classpath*:com/roiland/cms/dao/xml/*Mapper.xml"></property>  
    </bean>   
    
    
     <!-- DAO接口所在包名，Spring会自动查找其下的类 ,自动扫描了所有的XxxxMapper.xml对应的mapper接口文件,只要Mapper接口类和Mapper映射文件对应起来就可以了-->  
    <bean class="org.mybatis.spring.mapper.MapperScannerConfigurer">  
        <property name="basePackage" value="com.roiland.cms.dao" />  
        <property name="sqlSessionFactoryBeanName" value="sqlSessionFactory"></property>  
    </bean> 
     
     <bean id="transactionManager"
		class="org.springframework.jdbc.datasource.DataSourceTransactionManager">
		<property name="dataSource" ref="dataSource" />
	</bean>
	
	 <tx:advice id="userTxAdvice" transaction-manager="transactionManager">
			<tx:attributes>
				<tx:method name="delete*" propagation="REQUIRED" read-only="false"
					rollback-for="java.lang.Exception" />
				<tx:method name="insert*" propagation="REQUIRED" read-only="false"
					rollback-for="java.lang.Exception" />
				<tx:method name="update*" propagation="REQUIRED" read-only="false"
					rollback-for="java.lang.Exception" />
				<tx:method name="select*" propagation="REQUIRED" read-only="false"
					rollback-for="java.lang.Exception" />
			</tx:attributes>
		</tx:advice>
		<aop:config>                          
			<aop:pointcut id="pc" expression="execution(public * com.roiland.cms.service.*.*(..))" />
			<aop:advisor pointcut-ref="pc" advice-ref="userTxAdvice" />
		</aop:config>
</beans>