<?xml version="1.0" encoding="UTF-8" ?>
<!DOCTYPE mapper PUBLIC "-//mybatis.org//DTD Mapper 3.0//EN" "http://mybatis.org/dtd/mybatis-3-mapper.dtd" >
<mapper namespace="com.roiland.cms.dao.ProjectMapper" >

    <!-- 删除项目（更新用isdel状态）-->
    <update id="delProject" parameterType="java.lang.Integer" >
		    UPDATE tb_project_new set isdelete = '1'
		    WHERE id=#{id,jdbcType=INTEGER}
    </update>
    
    <select id="selectProjectList" parameterType="java.lang.String" resultType="com.roiland.cms.entity.ProjectNew">
    select p.*,d.deptName as deptname ,t.name as teamname,u.name as LeaderNm,ps.name as stateNm
      from   tb_project_new p
      left join tb_department d on p.projectdepartment = d.id 
      left join tb_team t on p.projecttem = t.id
      left join tb_users u on p.projectmanager = u.id
      left join project_state_new ps on p.projectstate = ps.id
      where   p.isdelete ='0'and u.isdel='0' 
    <if test="projectname !=null and projectname !=''">
     and p.projectname like '%' #{projectname,jdbcType=VARCHAR} '%'
    </if>
    order by p.createtime 
    </select>
    
    <select id="selectSubProjectList" parameterType="java.lang.String" resultType="com.roiland.cms.entity.ProjectNew">
    select * from tb_project_new where isdelete='0' and projectname=#{projectname} order by createtime 
    </select>
    
    <select id="selectDistinctProjectNm" resultType="com.roiland.cms.entity.ProjectNew">
    select * from tb_project_new where isdelete='0' group by projectname order by createtime 
    </select>
    
     <!--项目列表 -->
     <select id="getUserProjects" resultType="com.roiland.cms.entity.ProjectNew">
      select p.*,d.deptName as deptname ,t.name as teamname,u.name as LeaderNm,ps.name as stateNm
      from   tb_project_new p
      left join tb_department d on p.projectdepartment = d.id 
      left join tb_team t on p.projecttem = t.id
      left join tb_users u on p.projectmanager = u.id
      left join project_state_new ps on p.projectstate = ps.id
      where   p.isdelete ='0'and u.isdel='0' 
      order by p.createtime 
     </select>
     
     <!--项目状态列表 -->
      <select id="selectStateList" resultType="com.roiland.cms.entity.Project_state_new">
        select * from project_state_new
      </select>
     <!--部门列表 -->
      <select id="selectTeamList" parameterType="java.lang.Integer" resultType="com.roiland.cms.entity.TbTeam">
        select * from tb_team where deptid=#{projectdepartment,jdbcType=INTEGER}
      </select>
     <!--员工列表 -->
      <select id="selectUserList" parameterType="java.lang.Integer" resultType="com.roiland.cms.entity.TbUsers">
        select * from tb_users where 
        teamid=#{projecttem,jdbcType=INTEGER} and deptid=#{projectdepartment,jdbcType=INTEGER} and isdel='0'
      </select>
     <!--根据ID检索 -->
      <select id="selectProjectNewById" parameterType="java.lang.Integer" resultType="int">
        select count(*) from tb_project_new where  id=#{id,jdbcType=INTEGER} and isdel='0'
      </select>
      
      <!--添加项目  -->
   <insert id="insertProjectNew" parameterType="com.roiland.cms.entity.ProjectNew">
    insert into tb_project_new (projectnumber,projectid,projectname,subprojectcode,subprojectname,projectdate,
    projectdepartment,projecttem,projectmanager,projectstate,projectvalue,purchaseamount,isdelete,createtime,adduser,updatetime,updateuser) 
    values(
    #{pn.projectnumber,jdbcType=VARCHAR},
    #{pn.projectid,jdbcType=INTEGER},
    #{pn.addProjectname,jdbcType=VARCHAR},
    UUID(),
    #{pn.subprojectname,jdbcType=VARCHAR},
    #{pn.projectdate,jdbcType=VARCHAR},
    #{pn.projectdepartment,jdbcType=INTEGER},
    #{pn.projecttem,jdbcType=INTEGER},
    #{pn.projectmanager,jdbcType=INTEGER},
    #{pn.projectstate,jdbcType=INTEGER},
    <choose>
      <when test="pn.projectvalue !=0"> 
         #{pn.projectvalue,jdbcType=DOUBLE},
      </when>
      <otherwise>
       0,
      </otherwise>
     </choose>
     <choose>
      <when test="pn.purchaseamount !=0"> 
       #{pn.purchaseamount,jdbcType=DOUBLE},
      </when>
      <otherwise>
       0,
      </otherwise>
     </choose>
     0,
     NOW(),
     #{pn.adduser,jdbcType=INTEGER},
     NOW(),
     #{pn.adduser,jdbcType=INTEGER}
    )
   </insert>
   
   <!--更新项目  -->
   <update id="uploadProjectNew" parameterType="com.roiland.cms.entity.ProjectNew"> 
      update tb_project_new 
      set 
       <if test="pn.projectnumber !=null and pn.projectnumber!=''">
       projectnumber=#{pn.projectnumber,jdbcType=VARCHAR},
      </if>
       <if test="pn.projectid !=null and pn.projectid!=0">
       projectid=#{pn.projectid,jdbcType=INTEGER},
      </if>
       <if test="pn.projectname !=null and pn.projectname!=''">
      projectname=#{pn.projectname,jdbcType=VARCHAR},
      </if>
       <if test="pn.subprojectname !=null and pn.subprojectname!=''">
      subprojectname=#{pn.subprojectname,jdbcType=VARCHAR},
      </if>
       <if test="pn.projectdate !=null and pn.projectdate!=''">
      projectdate=#{pn.projectdate,jdbcType=VARCHAR},
      </if>
      <if test="pn.projectdepartment !=null and pn.projectdepartment!=0">
      projectdepartment=#{pn.projectdepartment,jdbcType=INTEGER},
      </if>
       <if test="pn.projecttem !=null and pn.projecttem!=0">
      projecttem=#{pn.projecttem,jdbcType=INTEGER},
      </if>
       <if test="pn.projectstate !=null and pn.projectstate!=0">
      projectstate=#{pn.projectstate,jdbcType=INTEGER},
      </if>
       <if test="pn.projectmanager !=null and pn.projectmanager!=0">
      projectmanager=#{pn.projectmanager,jdbcType=INTEGER}, 
      </if>
       <if test="pn.projectvalue !=0">
        projectvalue= #{pn.projectvalue,jdbcType=DOUBLE},
     </if>
       <if test="pn.purchaseamount !=0">
        purchaseamount= #{pn.purchaseamount,jdbcType=DOUBLE},
     </if>
     updatetime=NOW(),
     updateuser = #{pn.adduser,jdbcType=INTEGER}
      where id=#{pn.id,jdbcType=INTEGER}
   </update>
   
   <!--查项目已存在  -->
   <select id="selectProjectByName" parameterType="com.roiland.cms.entity.ProjectNew" resultType="com.roiland.cms.entity.ProjectNew">
     select * from tb_project_new where projectname =#{pn.addProjectname,jdbcType=VARCHAR} and isdelete='0'
   </select>
   <!--项目表最大projectid  -->
   <select id="selectMaxIndex" resultType="int">
     select max(projectid) from tb_project_new where isdelete='0'
   </select>
</mapper>